duplicado_con_ids,formato,marca,nombre,producto_base,producto_id,supermercados
1375;10477,1 Kg,Sin marca,Zanahoria Bolsa 1 Kg,zanahoria_bolsa_sin_marca_general_1,1375,
1375;10477,1 kg,Sin marca,Zanahoria Bolsa 1 kg,zanahoria_bolsa_sin_marca_general_1,10477,
1382;10912,1 Kg,Sin marca,Zanahoria Jugo Bolsa 1 Kg,zanahoria_jugo_bolsa_sin_marca_general,1382,
1382;10912,1 kg,Sin marca,Zanahoria Jugo Bolsa 1 kg,zanahoria_jugo_bolsa_sin_marca_general,10912,
1472;10509,1 Kg,Sin marca,Tomate Larga Vida Malla 1 Kg,tomate_larga_vida_malla_sin_marca,1472,
1472;10509,1 kg,Sin marca,Tomate Larga Vida Malla 1 kg,tomate_larga_vida_malla_sin_marca,10509,
1487;10520,1 Kg,Sin marca,Cebolla Malla 1 Kg,cebolla_malla_sin_marca_general_1,1487,
1487;10520,1 kg,Sin marca,Cebolla Malla 1 kg,cebolla_malla_sin_marca_general_1,10520,
1503;10736,1.5 kg,Sin marca,"Papa Ox Malla 1,5 kg",papa_ox_malla_sin_marca_general,1503,
1503;10736,1.5 kg,Sin marca,Papa Ox Malla 1.5 kg,papa_ox_malla_sin_marca_general,10736,
1564;10480,2 Kg,Sin marca,Papa Malla 2 Kg,papa_malla_sin_marca_general_2,1564,
1564;10480,2 kg,Sin marca,Papa Malla 2 kg,papa_malla_sin_marca_general_2,10480,
5424;5425,,Sin marca,Shampoo Elvive Hidra Hialurónico,shampoo_elvive_hidra_hialuronico_sin_marca,5424,
5424;5425,,Sin marca,Shampoo Elvive Hidra Hialuronico,shampoo_elvive_hidra_hialuronico_sin_marca,5425,
5714;27397,700mL,Sin marca,Jabón Líquido Dove Mandarina 700ml,jabon_dove_mandarina_sin_marca_liquido,5714,
5714;27397,700 mL,Sin marca,Jabón Líquido Dove Mandarina 700 ml,jabon_dove_mandarina_sin_marca_liquido,27397,
6118;29420,760 g,Loncoleche,Leche en Polvo Loncoleche Descremada 760 g,leche_en_polvo_loncoleche_descremada_760,6118,
6118;29420,760 g,Loncoleche,Leche en polvo loncoleche descremada 760 g,leche_en_polvo_loncoleche_descremada_760,29420,
6161;29474,1 L,Soprole,Leche Cultivada Soprole Sin Lactosa Chirimoya 1 L,leche_cultivada_chirimoya_soprole_sin_lactosa,6161,
6161;29474,1 L,Soprole,Leche cultivada soprole sin lactosa chirimoya 1 l,leche_cultivada_chirimoya_soprole_sin_lactosa,29474,
6230;29447,1 L,Soprole,Leche Cultivada Soprole Proteína Frutilla 1 L,leche_cultivada_frutilla_soprole_proteina_1l,6230,
6230;29447,1 L,Soprole,Leche cultivada soprole proteína frutilla 1 l,leche_cultivada_frutilla_soprole_proteina_1l,29447,
6243;29484,1 L,Soprole,Leche Cultivada Soprole Sin Lactosa Frutilla 1 L,leche_cultivada_frutilla_soprole_sin_lactosa,6243,
6243;29484,1 L,Soprole,Leche cultivada soprole sin lactosa frutilla 1 l,leche_cultivada_frutilla_soprole_sin_lactosa,29484,
6281;29476,1 L,Soprole,Leche Cultivada Soprole Chirimoya 1 L,leche_cultivada_chirimoya_soprole_general_1l,6281,
6281;29476,1 L,Soprole,Leche cultivada soprole chirimoya 1 l,leche_cultivada_chirimoya_soprole_general_1l,29476,
6301;29485,1 L,Soprole,Leche Cultivada Soprole Proteina Chirimoya 1 L,leche_cultivada_chirimoya_soprole_proteina_1l,6301,
6301;29485,1 L,Soprole,Leche cultivada soprole proteína chirimoya 1 l,leche_cultivada_chirimoya_soprole_proteina_1l,29485,
6349;29456,1 L,Soprole,Leche Cultivada Soprole Frutilla 1 L,leche_cultivada_frutilla_soprole_general_1l,6349,
6349;29456,1 L,Soprole,Leche cultivada soprole frutilla 1 l,leche_cultivada_frutilla_soprole_general_1l,29456,
6352;29493,1 L,Soprole,Leche Cultivada Soprole Vainilla 1 L,leche_cultivada_vainilla_soprole_general_1l,6352,
6352;29493,1 L,Soprole,Leche cultivada soprole vainilla 1 l,leche_cultivada_vainilla_soprole_general_1l,29493,
7133;29849,500 g,Sin marca,Queso Mantecoso Río Bueno Laminado 500 g,queso_mantecoso_rio_bueno_laminado_sin,7133,
7133;29849,500 g,Sin marca,Queso mantecoso río bueno laminado 500 g,queso_mantecoso_rio_bueno_laminado_sin,29849,
7156;7255,125 g,Sin marca,Queso Brie Ile de France Envasado Trozo 125 g,queso_brie_ile_france_envasado_trozo,7156,
7156;7255,125 g,Sin marca,Queso Brie Ile De France Envasado Trozo 125 g,queso_brie_ile_france_envasado_trozo,7255,
7171;29921,500 g,Colun,Queso Gauda Colun Laminado 500 g,queso_gauda_laminado_colun_general_500,7171,
7171;29921,500 g,Colun,Queso gauda colun laminado 500 g,queso_gauda_laminado_colun_general_500,29921,
7178;29889,200 g,Sin marca,Queso Granulado Kraft Mix Pizza 200 g,queso_granulado_kraft_mix_pizza_sin,7178,
7178;29889,200 g,Sin marca,Queso granulado kraft mix pizza 200 g,queso_granulado_kraft_mix_pizza_sin,29889,
7196;29961,150 g,Sin marca,Queso Mantecoso Río Bueno Laminado 150 g,queso_mantecoso_rio_bueno_laminado_sin,7196,
7196;29961,150 g,Sin marca,Queso mantecoso río bueno laminado 150 g,queso_mantecoso_rio_bueno_laminado_sin,29961,
7211;30009,125 g,Sin marca,Queso Brie Los Alpes 125 g,queso_brie_los_alpes_sin_marca,7211,
7211;30009,125 g,Sin marca,Queso brie los alpes 125 g,queso_brie_los_alpes_sin_marca,30009,
7223;29942,250 g,Sin marca,Queso Mantecoso Río Bueno Laminado 250 g,queso_mantecoso_rio_bueno_laminado_sin,7223,
7223;29942,250 g,Sin marca,Queso mantecoso río bueno laminado 250 g,queso_mantecoso_rio_bueno_laminado_sin,29942,
7251;30029,125 g,Sin marca,Queso Camembert Los Alpes 125 g,queso_camembert_los_alpes_sin_marca,7251,
7251;30029,125 g,Sin marca,Queso camembert los alpes 125 g,queso_camembert_los_alpes_sin_marca,30029,
7316;29895,100 g,Soprole,Queso Crema Soprole Sabor Natural 100 g,queso_crema_sabor_soprole_general_100,7316,
7316;29895,100 g,Soprole,Queso crema soprole sabor natural 100 g,queso_crema_sabor_soprole_general_100,29895,
7338;29955,200 g,Colun,Queso Reggianito Colun Trozo 200 g,queso_reggianito_trozo_colun_general_200,7338,
7338;29955,200 g,Colun,Queso reggianito colun trozo 200 g,queso_reggianito_trozo_colun_general_200,29955,
7422;30011,250 g,Sin marca,Queso Mantecoso Río Bueno Trozo 250 g,queso_mantecoso_rio_bueno_trozo_sin,7422,
7422;30011,250 g,Sin marca,Queso mantecoso río bueno trozo 250 g,queso_mantecoso_rio_bueno_trozo_sin,30011,
7434;29888,400 g,Sin marca,Queso Chacra Río Bueno 400 g,queso_chacra_rio_bueno_sin_marca,7434,
7434;29888,400 g,Sin marca,Queso chacra rio bueno 400 g,queso_chacra_rio_bueno_sin_marca,29888,
7501;29967,100 g,Sin marca,Queso Azul Los Alpes 100 g,queso_azul_los_alpes_sin_marca,7501,
7501;29967,100 g,Sin marca,Queso azul los alpes 100 g,queso_azul_los_alpes_sin_marca,29967,
7505;29928,300 g,Soprole,Quesillo Sin Lactosa Soprole 300 g,quesillo_soprole_sin_lactosa_300_g,7505,
7505;29928,300 g,Soprole,Quesillo sin lactosa soprole 300 g,quesillo_soprole_sin_lactosa_300_g,29928,
7547;29905,75 g,Sin marca,Queso Cheddar Kraft Laminado 75 g,queso_cheddar_kraft_laminado_sin_marca,7547,
7547;29905,75 g,Sin marca,Queso cheddar kraft laminado 75 g,queso_cheddar_kraft_laminado_sin_marca,29905,
7671;29935,320 g,Colun,Quesillo Colun Sin Sal Pote 320 g,quesillo_sin_sal_pote_colun_general,7671,
7671;29935,320 g,Colun,Quesillo colun sin sal pote 320 g,quesillo_sin_sal_pote_colun_general,29935,
9384;9402,400 mL,Sin marca,Crema Corporal Lubriderm Humectación Diaria 400 ml,crema_corporal_lubriderm_humectacion_diaria_sin,9384,
9384;9402,400 mL,Sin marca,Crema Corporal Lubriderm Humectacion Diaria 400 ml,crema_corporal_lubriderm_humectacion_diaria_sin,9402,
9389;9883,400 mL,Sin marca,Crema Corporal Simond's Dermocream Diabetic Skin 400 ml,crema_corporal_simond_s_dermocream_diabetic,9389,
9389;9883,400 mL,Sin marca,Crema Corporal Simond's Dermocream Diabetic Skin 400 ml,crema_corporal_simond_s_dermocream_diabetic,9883,
10366;10422,,Sin marca,Sandía 1/4,sandia_1_4_sin_marca_general,10366,
10366;10422,,Sin marca,Sandía 1/4,sandia_1_4_sin_marca_general,10422,
10979;11573,500 g,Sin marca,Camarón Cocido Sin Cáscara M 500 g,camaron_cocido_cascara_m_sin_marca,10979,
10979;11573,500 g,Sin marca,Camarón Cocido Sin Cáscara m 500 g,camaron_cocido_cascara_m_sin_marca,11573,
11013;11924,,Sin marca,Punta de Ganso Al Vacío kg,punta_ganso_al_vacio_kg_sin,11013,
11013;11924,,Sin marca,Punta de ganso Al vacío kg,punta_ganso_al_vacio_kg_sin,11924,
11307;12102,,Sin marca,Medallón de Filete kg,medallon_filete_kg_sin_marca_general,11307,
11307;12102,,Sin marca,Medallón de filete kg,medallon_filete_kg_sin_marca_general,12102,
11322;12013,,Omo,Lomo Liso Desgrasado kg,lomo_liso_desgrasado_kg_omo_general,11322,
11322;12013,,Omo,Lomo liso desgrasado kg,lomo_liso_desgrasado_kg_omo_general,12013,
12242;12327,,Sin marca,Arañita Poncho Premium Camposorno Al Vacío kg,aranita_poncho_premium_camposorno_al_vacio,12242,
12242;12327,,Sin marca,Arañita Poncho Premium Camposorno al Vacío kg,aranita_poncho_premium_camposorno_al_vacio,12327,
13051;13827,335 g,Sin marca,Pulpa Maracuyá Minuto Verde 335 g,pulpa_maracuya_minuto_verde_sin_marca,13051,
13051;13827,335 g,Sin marca,Pulpa Maracuya Minuto Verde 335 g,pulpa_maracuya_minuto_verde_sin_marca,13827,
13181;29416,1 L,Loncoleche,Bebida Vegetal Loncoleche Almendra 1 L,bebida_vegetal_almendra_loncoleche_general_1l,13181,
13181;29416,1 L,Loncoleche,Bebida vegetal loncoleche almendra 1 l,bebida_vegetal_almendra_loncoleche_general_1l,29416,
13203;30581,1 L,Sin marca,Bebida Vegetal NotMilk Low Fat 1 L,bebida_vegetal_notmilk_low_fat_sin,13203,
13203;30581,1 L,Sin marca,Bebida vegetal notmilk low fat 1 l,bebida_vegetal_notmilk_low_fat_sin,30581,
13308;30604,1 L,Sin marca,Bebida Vegetal NotMilk Original 1 L,bebida_vegetal_notmilk_original_sin_marca,13308,
13308;30604,1 L,Sin marca,Bebida vegetal notmilk original 1 l,bebida_vegetal_notmilk_original_sin_marca,30604,
13323;30662,1 L,Sin marca,Bebida Vegetal NotMilk Chocolate 1 L,bebida_vegetal_notmilk_chocolate_sin_marca,13323,
13323;30662,1 L,Sin marca,Bebida vegetal notmilk chocolate 1 l,bebida_vegetal_notmilk_chocolate_sin_marca,30662,
13341;30600,1 L,Sin marca,Bebida Vegetal NotMilk Zero Sin Azúcar 1 L,bebida_vegetal_notmilk_azucar_sin_marca,13341,
13341;30600,1 L,Sin marca,Bebida vegetal notmilk zero sin azúcar 1 l,bebida_vegetal_notmilk_azucar_sin_marca,30600,
13466;29470,1 L,Loncoleche,Bebida Vegetal Loncoleche Avena Chocolate 1 L,bebida_vegetal_avena_chocolate_loncoleche_general,13466,
13466;29470,1 L,Loncoleche,Bebida vegetal loncoleche avena chocolate 1 l,bebida_vegetal_avena_chocolate_loncoleche_general,29470,
13596;30594,1 L,Sin marca,Bebida Vegetal Vilay Wilk Chocolate 1 L,bebida_vegetal_vilay_wilk_chocolate_sin,13596,
13596;30594,1 L,Sin marca,Bebida vegetal vilay wilk chocolate 1 l,bebida_vegetal_vilay_wilk_chocolate_sin,30594,
13618;30637,500 mL,Sin marca,Bebida Vegetal OraSì Barista Avena 500 ml,bebida_vegetal_orasi_barista_avena_sin,13618,
13618;30637,500 mL,Sin marca,Bebida vegetal orasi barista avena 500 ml,bebida_vegetal_orasi_barista_avena_sin,30637,
13630;30698,330 mL,Sin marca,Bebida Vegetal Vilay Wilk Capuccino Caramel 330 ml,bebida_vegetal_vilay_wilk_capuccino_caramel,13630,
13630;30698,330 mL,Sin marca,Bebida vegetal vilay wilk capuccino caramel 330 ml,bebida_vegetal_vilay_wilk_capuccino_caramel,30698,
13644;30719,330 mL,Sin marca,Bebida Vegetal Vilay Wilk Capuccino Vainilla 330 ml,bebida_vegetal_vilay_wilk_capuccino_vainilla,13644,
13644;30719,330 mL,Sin marca,Bebida vegetal vilay wilk capuccino vainilla 330 ml,bebida_vegetal_vilay_wilk_capuccino_vainilla,30719,
13661;30686,330 mL,Sin marca,Bebida Vegetal Vilay Wilk Te Chai 330 ml,bebida_vegetal_vilay_wilk_te_chai,13661,
13661;30686,330 mL,Sin marca,Bebida vegetal vilay wilk té chai 330 ml,bebida_vegetal_vilay_wilk_te_chai,30686,
13733;30692,500 mL,Sin marca,Bebida Vegetal OraSì Barista Soya 500 ml,bebida_vegetal_orasi_barista_soya_sin,13733,
13733;30692,500 mL,Sin marca,Bebida vegetal orasi barista soya 500 ml,bebida_vegetal_orasi_barista_soya_sin,30692,
13767;13873,1 L,Sin marca,Bebida Vegetal OraSi Almendra 1 L,bebida_vegetal_orasi_almendra_sin_marca,13767,
13767;13873,1 L,Sin marca,Bebida Vegetal OraSì Almendra 1 L,bebida_vegetal_orasi_almendra_sin_marca,13873,
14277;30067,210 g,Miraflores,Arroz Preparado Miraflores Chaufan 210 g,arroz_preparado_chaufan_miraflores_general_210,14277,
14277;30067,210 g,Miraflores,Arroz preparado miraflores chaufán 210 g,arroz_preparado_chaufan_miraflores_general_210,30067,
14288;30074,210 g,Miraflores,Arroz Preparado Miraflores Campesino 210 g,arroz_preparado_campesino_miraflores_general_210,14288,
14288;30074,210 g,Miraflores,Arroz preparado miraflores campesino 210 g,arroz_preparado_campesino_miraflores_general_210,30074,
14290;30065,175 g,Miraflores,Arroz Preparado Miraflores Curry 175 g,arroz_preparado_curry_miraflores_general_175,14290,
14290;30065,175 g,Miraflores,Arroz preparado miraflores curry 175 g,arroz_preparado_curry_miraflores_general_175,30065,
14314;30086,500 g,Tucapel,Harina de Arroz Tucapel 500 g,harina_arroz_tucapel_general_500_g,14314,
14314;30086,500 g,Tucapel,Harina de arroz tucapel 500 g,harina_arroz_tucapel_general_500_g,30086,
14322;30060,400 g,Tucapel,Arroz Sushi Tucapel 400 g,arroz_sushi_tucapel_general_400_g,14322,
14322;30060,400 g,Tucapel,Arroz sushi tucapel 400 g,arroz_sushi_tucapel_general_400_g,30060,
14376;30145,900 mL,Sin marca,Aceite Vegetal Natura 900 ml,aceite_vegetal_natura_sin_marca_general,14376,
14376;30145,900 mL,Sin marca,Aceite vegetal natura 900 ml,aceite_vegetal_natura_sin_marca_general,30145,
14482;30277,250 g,Copacabana,Café Molido Copacabana 250 g,cafe_molido_copacabana_general_250_g,14482,
14482;30277,250 g,Copacabana,Café molido copacabana 250 g,cafe_molido_copacabana_general_250_g,30277,
14729;30301,1 kg,Sin marca,Azúcar Blanca Iansa 1 kg,azucar_blanca_iansa_sin_marca_general,14729,
14729;30301,1 kg,Sin marca,Azúcar blanca iansa 1 kg,azucar_blanca_iansa_sin_marca_general,30301,
14731;30309,500 g,Sin marca,Azúcar Rubia Iansa 500 g,azucar_rubia_iansa_sin_marca_general,14731,
14731;30309,500 g,Sin marca,Azúcar rubia iansa 500 g,azucar_rubia_iansa_sin_marca_general,30309,
14732;30304,1 kg,Sin marca,Azúcar Rubia Iansa 1 kg,azucar_rubia_iansa_sin_marca_general,14732,
14732;30304,1 kg,Sin marca,Azúcar rubia iansa 1 kg,azucar_rubia_iansa_sin_marca_general,30304,
14737;30305,5 kg,Sin marca,Azúcar Blanca Iansa 5 kg,azucar_blanca_iansa_sin_marca_general,14737,
14737;30305,5 kg,Sin marca,Azúcar blanca iansa 5 kg,azucar_blanca_iansa_sin_marca_general,30305,
14739;30306,1 kg,Sin marca,Azúcar Flor Iansa 1 kg,azucar_flor_iansa_sin_marca_general,14739,
14739;30306,1 kg,Sin marca,Azúcar flor iansa 1 kg,azucar_flor_iansa_sin_marca_general,30306,
14744;30314,420 g,Sin marca,Azúcar Rubia Iansa Cubitos 420 g,azucar_rubia_iansa_cubitos_sin_marca,14744,
14744;30314,420 g,Sin marca,Azúcar rubia iansa cubitos 420 g,azucar_rubia_iansa_cubitos_sin_marca,30314,
14751;30308,500 g,Sin marca,Azúcar Flor Iansa 500 g,azucar_flor_iansa_sin_marca_general,14751,
14751;30308,500 g,Sin marca,Azúcar flor iansa 500 g,azucar_flor_iansa_sin_marca_general,30308,
14752;30318,500 g,Sin marca,Azúcar Blanca Iansa Cubitos 500 g,azucar_blanca_iansa_cubitos_sin_marca,14752,
14752;30318,500 g,Sin marca,Azúcar blanca iansa cubitos 500 g,azucar_blanca_iansa_cubitos_sin_marca,30318,
14781;30400,400 g,Sin marca,Pasta Rigati Trattoria 400 g,pasta_rigati_trattoria_sin_marca_general,14781,
14781;30400,400 g,Sin marca,Pasta rigati trattoría 400 g,pasta_rigati_trattoria_sin_marca_general,30400,
14821;30397,400 g,Carozzi,Pasta Fettuccine N°88 Carozzi 400 g,pasta_fettuccine_n_88_carozzi_general,14821,
14821;30397,400 g,Carozzi,Pasta fettuccine n°88 carozzi 400 g,pasta_fettuccine_n_88_carozzi_general,30397,
15334;30461,200 g,Sin marca,Salsa de Tomate Pomarola Natural 200 g,salsa_tomate_pomarola_sin_marca_general,15334,
15334;30461,200 g,Sin marca,Salsa de tomate pomarola natural 200 g,salsa_tomate_pomarola_sin_marca_general,30461,
15339;30472,200 g,Sin marca,Salsa de Tomate Pomarola Casera 200 g,salsa_tomate_pomarola_casera_sin_marca,15339,
15339;30472,200 g,Sin marca,Salsa de tomate pomarola casera 200 g,salsa_tomate_pomarola_casera_sin_marca,30472,
15341;30457,200 g,Sin marca,Salsa de Tomate Pomarola Italiana 200 g,salsa_tomate_pomarola_italiana_sin_marca,15341,
15341;30457,200 g,Sin marca,Salsa de tomate pomarola italiana 200 g,salsa_tomate_pomarola_italiana_sin_marca,30457,
15342;30494,200 g,Carozzi,Salsa de Tomate Carozzi Toscana Arrabbiata 200 g,salsa_tomate_toscana_arrabbiata_carozzi_general,15342,
15342;30494,200 g,Carozzi,Salsa de tomate carozzi toscana arrabbiata 200 g,salsa_tomate_toscana_arrabbiata_carozzi_general,30494,
15359;30485,200 g,Carozzi,Salsa Lista Carozzi Bechamel 200 g,salsa_lista_bechamel_carozzi_general_200,15359,
15359;30485,200 g,Carozzi,Salsa lista carozzi bechamel 200 g,salsa_lista_bechamel_carozzi_general_200,30485,
15451;30533,200 g,Sin marca,Salsa de Tomate Malloa Italiana 200 g,salsa_tomate_malloa_italiana_sin_marca,15451,
15451;30533,200 g,Sin marca,Salsa de tomate malloa italiana 200 g,salsa_tomate_malloa_italiana_sin_marca,30533,
15457;30462,200 g,Sin marca,Salsa de Tomate Doña Clara Italiana 200 g,salsa_tomate_dona_clara_italiana_sin,15457,
15457;30462,200 g,Sin marca,Salsa de tomate doña clara italiana 200 g,salsa_tomate_dona_clara_italiana_sin,30462,
15680;30234,500 mL,Sin marca,Vinagre Incoloro Traverso 500 ml,vinagre_incoloro_traverso_sin_marca_general,15680,
15680;30234,500 mL,Sin marca,Vinagre incoloro traverso 500 ml,vinagre_incoloro_traverso_sin_marca_general,30234,
15753;16169,1 L,Sin marca,Aceite de Oliva Extra Virgen 1 L,aceite_oliva_extra_virgen_sin_marca,15753,
15753;16169,1 L,Sin marca,Aceite de Oliva extra virgen 1 L,aceite_oliva_extra_virgen_sin_marca,16169,
15754;16170,500 mL,Sin marca,Aceite de Oliva Extra Virgen 500 ml,aceite_oliva_extra_virgen_sin_marca,15754,
15754;16170,500 mL,Sin marca,Aceite de Oliva extra virgen 500 ml,aceite_oliva_extra_virgen_sin_marca,16170,
15765;30147,500 mL,Sin marca,Aceite de Oliva Chef Extra Virgen 500 ml,aceite_oliva_chef_extra_virgen_sin,15765,
15765;30147,500 mL,Sin marca,Aceite de oliva chef extra virgen 500 ml,aceite_oliva_chef_extra_virgen_sin,30147,
15789;30170,500 mL,Sin marca,Aceite de Oliva Banquete Extra Virgen 500 ml,aceite_oliva_banquete_extra_virgen_sin,15789,
15789;30170,500 mL,Sin marca,Aceite de oliva banquete extra virgen 500 ml,aceite_oliva_banquete_extra_virgen_sin,30170,
15812;30206,900 g,Sin marca,Sal de Mar Lobos Fina 900 g,sal_mar_lobos_fina_sin_marca,15812,
15812;30206,900 g,Sin marca,Sal de mar lobos fina 900 g,sal_mar_lobos_fina_sin_marca,30206,
15872;30150,500 mL,Sin marca,Aceite de Oliva Huasco Extra Virgen 500 ml,aceite_oliva_huasco_extra_virgen_sin,15872,
15872;30150,500 mL,Sin marca,Aceite de oliva huasco extra virgen 500 ml,aceite_oliva_huasco_extra_virgen_sin,30150,
15961;30240,500 mL,Sin marca,Aceto Balsámico Imperatore 500 ml,aceto_balsamico_imperatore_sin_marca_general,15961,
15961;30240,500 mL,Sin marca,Aceto balsámico imperatore 500 ml,aceto_balsamico_imperatore_sin_marca_general,30240,
15981;30248,3 L,Sin marca,Vinagre Incoloro Traverso 3 L,vinagre_incoloro_traverso_sin_marca_general,15981,
15981;30248,3 L,Sin marca,Vinagre incoloro traverso 3 l,vinagre_incoloro_traverso_sin_marca_general,30248,
15990;30164,1 L,Sin marca,Aceite de Oliva Huasco Extra Virgen 1 L,aceite_oliva_huasco_extra_virgen_sin,15990,
15990;30164,1 L,Sin marca,Aceite de oliva huasco extra virgen 1 l,aceite_oliva_huasco_extra_virgen_sin,30164,
16005;30243,500 mL,Sin marca,Aceto Balsámico Kardamili 500 ml,aceto_balsamico_kardamili_sin_marca_general,16005,
16005;30243,500 mL,Sin marca,Aceto balsámico kardamili 500 ml,aceto_balsamico_kardamili_sin_marca_general,30243,
16028;30233,500 mL,Sin marca,Vinagre Manzana Traverso 500 ml,vinagre_manzana_traverso_sin_marca_general,16028,
16028;30233,500 mL,Sin marca,Vinagre manzana traverso 500 ml,vinagre_manzana_traverso_sin_marca_general,30233,
16046;30159,1 L,Sin marca,Aceite de Oliva Banquete Extra Virgen 1 L,aceite_oliva_banquete_extra_virgen_sin,16046,
16046;30159,1 L,Sin marca,Aceite de oliva banquete extra virgen 1 l,aceite_oliva_banquete_extra_virgen_sin,30159,
16056;30180,250 mL,Sin marca,Aceite de Oliva Banquete Extra Virgen 250 ml,aceite_oliva_banquete_extra_virgen_sin,16056,
16056;30180,250 mL,Sin marca,Aceite de oliva banquete extra virgen 250 ml,aceite_oliva_banquete_extra_virgen_sin,30180,
16279;30128,500 g,Sin marca,Suprema de Arvejas Martini 500 g,suprema_arvejas_martini_sin_marca_general,16279,
16279;30128,500 g,Sin marca,Suprema de arvejas martini 500 g,suprema_arvejas_martini_sin_marca_general,30128,
16283;30115,1 kg,Sin marca,Lentejas Banquete 4 mm 1 kg,lentejas_banquete_4_mm_sin_marca,16283,
16283;30115,1 kg,Sin marca,Lentejas banquete 4 mm 1 kg,lentejas_banquete_4_mm_sin_marca,30115,
16290;30117,1 kg,Sin marca,Lentejas Banquete 6 mm 1 kg,lentejas_banquete_6_mm_sin_marca,16290,
16290;30117,1 kg,Sin marca,Lentejas banquete 6 mm 1 kg,lentejas_banquete_6_mm_sin_marca,30117,
16300;30111,1 kg,Sin marca,Lentejas Banquete 5 mm 1 kg,lentejas_banquete_5_mm_sin_marca,16300,
16300;30111,1 kg,Sin marca,Lentejas banquete 5 mm 1 kg,lentejas_banquete_5_mm_sin_marca,30111,
16775;30372,155 g,Sin marca,Galletas Mckay Vino 155 g,galletas_mckay_vino_sin_marca_general,16775,
16775;30372,155 g,Sin marca,Galletas mckay vino 155 g,galletas_mckay_vino_sin_marca_general,30372,
18311;30360,210 g,Sin marca,Chocolate de Leche Bon O Bon 210 g,chocolate_leche_bon_o_sin_marca,18311,
18311;30360,210 g,Sin marca,Chocolate de leche bon o bon 210 g,chocolate_leche_bon_o_sin_marca,30360,
20667;30657,1.5 L,Sin marca,Bebida Sprite 1.5 L,bebida_sprite_sin_marca_general_1_5l,20667,
20667;30657,1.5 L,Sin marca,Bebida sprite 1.5 l,bebida_sprite_sin_marca_general_1_5l,30657,
20694;30599,600 mL,Pepsi,Bebida Pepsi 600 ml,bebida_pepsi_general_600ml,20694,
20694;30599,600 mL,Pepsi,Bebida pepsi 600 ml,bebida_pepsi_general_600ml,30599,
20698;30605,600 mL,Sin marca,Bebida Kem Zero 600 ml,bebida_kem_sin_marca_zero_600ml,20698,
20698;30605,600 mL,Sin marca,Bebida kem zero 600 ml,bebida_kem_sin_marca_zero_600ml,30605,
20732;30626,1.1 L,Sin marca,Bebida Isotónica Powerade Naranja 1.1 L,bebida_isotonica_powerade_naranja_sin_marca,20732,
20732;30626,1.1 L,Sin marca,Bebida isotónica powerade naranja 1.1 l,bebida_isotonica_powerade_naranja_sin_marca,30626,
20743;30653,1.5 L,Sin marca,Bebida Fanta Sin Azúcar 1.5 L,bebida_fanta_azucar_sin_marca_general,20743,
20743;30653,1.5 L,Sin marca,Bebida fanta sin azúcar 1.5 l,bebida_fanta_azucar_sin_marca_general,30653,
20747;30325,600 mL,Pepsi,Bebida Pepsi Zero 600 ml,bebida_pepsi_zero_600ml,20747,
20747;30325,600 mL,Pepsi,Bebida pepsi zero 600 ml,bebida_pepsi_zero_600ml,30325,
20758;30618,1 L,Sin marca,Bebida Isotónica Gatorade Naranja 1 L,bebida_isotonica_gatorade_naranja_sin_marca,20758,
20758;30618,1 L,Sin marca,Bebida isotónica gatorade naranja 1 l,bebida_isotonica_gatorade_naranja_sin_marca,30618,
20760;30629,750 mL,Sin marca,Bebida Isotónica Gatorade Cool Blue 750 ml,bebida_isotonica_gatorade_cool_blue_sin,20760,
20760;30629,750 mL,Sin marca,Bebida isotónica gatorade cool blue 750 ml,bebida_isotonica_gatorade_cool_blue_sin,30629,
20788;30619,1 L,Sin marca,Bebida Isotónica Gatorade Limón 1 L,bebida_isotonica_gatorade_limon_sin_marca,20788,
20788;30619,1 L,Sin marca,Bebida isotónica gatorade limón 1 l,bebida_isotonica_gatorade_limon_sin_marca,30619,
20823;30563,2 L,Coca Cola,Bebida Coca Cola retornable 2 L + Envase,bebida_retornable_envase_coca_cola_general,20823,
20823;30563,2 L,Coca Cola,Bebida coca cola retornable 2 l + envase,bebida_retornable_envase_coca_cola_general,30563,
20827;30623,1.1 L,Sin marca,Bebida Isotónica Powerade Rojo 1.1 L,bebida_isotonica_powerade_rojo_sin_marca,20827,
20827;30623,1.1 L,Sin marca,Bebida isotónica powerade rojo 1.1 l,bebida_isotonica_powerade_rojo_sin_marca,30623,
20864;30609,1.1 L,Sin marca,Bebida Isotónica Powerade Frozen Blast 1.1 L,bebida_isotonica_powerade_frozen_blast_sin,20864,
20864;30609,1.1 L,Sin marca,Bebida isotónica powerade frozen blast 1.1 l,bebida_isotonica_powerade_frozen_blast_sin,30609,
20873;30624,630 mL,Sin marca,Bebida Isotónica Suerox Naranja 630 ml,bebida_isotonica_suerox_naranja_sin_marca,20873,
20873;30624,630 mL,Sin marca,Bebida isotónica suerox naranja 630 ml,bebida_isotonica_suerox_naranja_sin_marca,30624,
20887;30627,630 mL,Sin marca,Bebida Isotónica Suerox Frutilla Kiwi 630 ml,bebida_isotonica_suerox_frutilla_kiwi_sin,20887,
20887;30627,630 mL,Sin marca,Bebida isotónica suerox frutilla kiwi 630 ml,bebida_isotonica_suerox_frutilla_kiwi_sin,30627,
21022;30645,200 mL,Sin marca,Bebida Britvic Ginger Beer 200 ml,bebida_britvic_ginger_beer_sin_marca,21022,
21022;30645,200 mL,Sin marca,Bebida britvic ginger beer 200 ml,bebida_britvic_ginger_beer_sin_marca,30645,
24555;30827,580 g,Sin marca,Pan Molde Ideal Cero Cero Blanco 580 g,pan_molde_ideal_cero_blanco_sin,24555,
24555;30827,580 g,Sin marca,Pan molde ideal cero cero blanco 580 g,pan_molde_ideal_cero_blanco_sin,30827,
24670;30922,400 g,Sin marca,Pan Molde Castaño Blanco 400 g,pan_molde_castano_blanco_sin_marca,24670,
24670;30922,400 g,Sin marca,Pan molde castaño blanco 400 g,pan_molde_castano_blanco_sin_marca,30922,
24702;30873,100 g,Sin marca,Pan Francés Schar Sin Gluten 100 g,pan_frances_schar_gluten_sin_marca,24702,
24702;30873,100 g,Sin marca,Pan francés schar sin gluten 100 g,pan_frances_schar_gluten_sin_marca,30873,
24743;30941,450 g,Sin marca,Pan Molde La Selecta Miga Blanco 450 g,pan_molde_selecta_miga_blanco_sin,24743,
24743;30941,450 g,Sin marca,Pan molde la selecta miga blanco 450 g,pan_molde_selecta_miga_blanco_sin,30941,
24967;30969,3 L,Omo,Detergente Líquido Omo Piel Sensible Doypack 3 L,detergente_piel_sensible_doypack_omo_liquido,24967,
24967;30969,3 L,Omo,Detergente líquido omo piel sensible doypack 3 l,detergente_piel_sensible_doypack_omo_liquido,30969,
25033;30971,800 mL,Omo,Detergente Líquido Omo Piel Sensible Doypack 800 ml,detergente_piel_sensible_doypack_omo_liquido,25033,
25033;30971,800 mL,Omo,Detergente líquido omo piel sensible doypack 800 ml,detergente_piel_sensible_doypack_omo_liquido,30971,
25982;31049,1.8 L,Sin marca,Suavizante Downy Adorable 450 ml Rinde 1.8 L,suavizante_downy_adorable_450ml_rinde_sin,25982,
25982;31049,1.8 L,Sin marca,Suavizante downy adorable 450 ml rinde 1.8 l,suavizante_downy_adorable_450ml_rinde_sin,31049,
26005;31056,141 g,Sin marca,Perlas de Perfume Downy April Fresh 141 g,perlas_perfume_downy_april_fresh_sin,26005,
26005;31056,141 g,Sin marca,Perlas de perfume downy april fresh 141 g,perlas_perfume_downy_april_fresh_sin,31056,
26024;31061,500 mL,Sin marca,Apresto Planchado Fácil Klären Gatillo 500 ml,apresto_planchado_facil_klaren_gatillo_sin,26024,
26024;31061,500 mL,Sin marca,Apresto planchado fácil klaren gatillo 500 ml,apresto_planchado_facil_klaren_gatillo_sin,31061,
