categoria,subcategoria,nombre,precio,url
"Lácteos, Huevos y Congelados",Leche,Leche Descremada Sin Lactosa Caja 200 ml Surlat,560,https://super.lider.cl/ip/leche/leche-descremada-sin-lactosa-caja/00780870950435?channable=06660b696400303037383038373039353034333538
"Lácteos, Huevos y Congelados",Leche,Leche Natural Entera Caja 1 L Lider,1000,https://super.lider.cl/ip/leche/leche-natural-entera-caja/00040000720074?channable=06660b696400303030343030303037323030373460
"Lácteos, Huevos y Congelados",Leche,Postre Leche Asada Pote 120 g Nestlé,630,https://super.lider.cl/ip/postres-refrigerados/postre-leche-asada-pote/00761303888376?channable=06660b69640030303736313330333838383337365d
"Lácteos, Huevos y Congelados",Leche,Postre Leche Asada Pote 120 g Soprole,640,https://super.lider.cl/ip/postres-refrigerados/postre-leche-asada-pote/00780290020201?channable=06660b69640030303738303239303032303230312f
"Lácteos, Huevos y Congelados",Leche,Flan Tres Leches Postre 100 g Colun,330,https://super.lider.cl/ip/postres-refrigerados/flan-tres-leches-postre/00000007801778?channable=06660b6964003030303030303037383031373738c4
"Lácteos, Huevos y Congelados",Leche,Leche Proteína Capuccino 200 ml Soprole,610,https://super.lider.cl/ip/leches-colacion/leche-proteina-capuccino/00780290000461?channable=06660b696400303037383032393030303034363153
"Lácteos, Huevos y Congelados",Leche,Leche Sin Lactosa Cappuccino 330 ml Colun,950,https://super.lider.cl/ip/leches-colacion/leche-sin-lactosa-cappuccino/00780292000814?channable=06660b6964003030373830323932303030383134fc
"Lácteos, Huevos y Congelados",Leche,Leche Proteína Sabor Vainilla 200 ml Soprole,610,https://super.lider.cl/ip/leches-colacion/leche-proteina-sabor-vainilla/00780290000380?channable=06660b696400303037383032393030303033383012
"Lácteos, Huevos y Congelados",Leche,Leche Sin Lactosa Light Chocolate 330 ml Colun,950,https://super.lider.cl/ip/leches-colacion/leche-sin-lactosa-light-chocolate/00780292000950?channable=06660b6964003030373830323932303030393530ba
"Lácteos, Huevos y Congelados",Leche,Leche Zero % Descremada Sin Lactosa 1 L Lider,1190,https://super.lider.cl/ip/sin-lactosa/leche-zero-descremada-sin-lactosa/00780870950291?channable=06660b6964003030373830383730393530323931b6
"Lácteos, Huevos y Congelados",Leche,Leche Cultivada Protein Sabor Berries Botella 900 g Lonco Leche,3190,https://super.lider.cl/ip/leche/leche-cultivada-protein-sabor-berries-botella/00780291000819?channable=06660b6964003030373830323931303030383139d5
"Lácteos, Huevos y Congelados",Leche,Leche Natural Entera Lonco Leche 1 L Loncoleche,1090,https://super.lider.cl/ip/leche/leche-natural-entera-lonco-leche/00780291000725?channable=06660b696400303037383032393130303037323511
"Lácteos, Huevos y Congelados",Leche,Leche Natural Descremada Lonco Leche 1 L Loncoleche,1090,https://super.lider.cl/ip/leche/leche-natural-descremada-lonco-leche/00780291000727?channable=06660b696400303037383032393130303037323713
"Lácteos, Huevos y Congelados",Leche,Leche Soprole Sin Lactosa Frutilla,1950,https://super.lider.cl/ip/leche/leche-soprole-sin-lactosa-frutilla/00780290000442?channable=06660b696400303037383032393030303034343253
"Lácteos, Huevos y Congelados",Leche,Sucedáneo Leche Condensada Tarro 397 G 397 g Leche Sur,1750,https://super.lider.cl/ip/reposteria/sucedaneo-leche-condensada-tarro-397-g/00844529079473?channable=06660b6964003030383434353239303739343733e9
"Lácteos, Huevos y Congelados",Leche,Leche Sin Lactosa Frutilla Caja 1 L Loncoleche,2190,https://super.lider.cl/ip/leche/leche-sin-lactosa-frutilla-caja/00780291000098?channable=06660b6964003030373830323931303030303938d6
"Lácteos, Huevos y Congelados",Leche,Leche Semidescremada Sin Lactosa 1 L Loncoleche,1350,https://super.lider.cl/ip/leche/leche-semidescremada-sin-lactosa/00780291000022?channable=06660b69640030303738303239313030303032324d
"Lácteos, Huevos y Congelados",Leche,Leche Descremada Sin Lactosa Caja 1 L Colun,1350,https://super.lider.cl/ip/leche/leche-descremada-sin-lactosa-caja/00780292000740?channable=06660b6964003030373830323932303030373430b9
"Lácteos, Huevos y Congelados",Leche,Leche Descremada Sin Lactosa 200 ml Colun,610,https://super.lider.cl/ip/leche/leche-descremada-sin-lactosa/00780292000963?channable=06660b69640030303738303239323030303936333e
"Lácteos, Huevos y Congelados",Leche,Leche Sin Lactosa Sabor Chocolate Caja 1 L Colun,2090,https://super.lider.cl/ip/leche/leche-sin-lactosa-sabor-chocolate-caja/00780292000751?channable=06660b69640030303738303239323030303735313b
"Lácteos, Huevos y Congelados",Leche,Leche Cultivada Sin Lactosa Chirimoya 1 L Soprole,2590,https://super.lider.cl/ip/leche/leche-cultivada-sin-lactosa-chirimoya/00780290000057?channable=06660b6964003030373830323930303030303537d7
"Lácteos, Huevos y Congelados",Leche,Leche Zero Lacto Chocolate 1 L Soprole,1950,https://super.lider.cl/ip/leche/leche-zero-lacto-chocolate/00780290019507?channable=06660b696400303037383032393030313935303707
"Lácteos, Huevos y Congelados",Leche,Leche Entera Sin Lactosa Con Tapa 1 L Colun,1350,https://super.lider.cl/ip/leche/leche-entera-sin-lactosa-con-tapa/00780292000739?channable=06660b696400303037383032393230303037333942
"Lácteos, Huevos y Congelados",Leche,Leche Blanca Semidescremada Sin Lactosa 1 L Surlat,1290,https://super.lider.cl/ip/leche/leche-blanca-semidescremada-sin-lactosa/00780870950079?channable=06660b69640030303738303837303935303037393d
"Lácteos, Huevos y Congelados",Leche,Leche Natural Semidescremada Lonco Leche 1 L Loncoleche,1090,https://super.lider.cl/ip/leche/leche-natural-semidescremada-lonco-leche/00780291000726?channable=06660b696400303037383032393130303037323612
"Lácteos, Huevos y Congelados",Leche,Leche Sin Lactosa Proteinas 1 L Surlat,2350,https://super.lider.cl/ip/leche/leche-sin-lactosa-proteinas/00780870950396?channable=06660b69640030303738303837303935303339367c
"Lácteos, Huevos y Congelados",Leche,Leche Break Caramelo 250 ml Loncoleche,650,https://super.lider.cl/ip/leche/leche-break-caramelo/00780291000808?channable=06660b696400303037383032393130303038303854
"Lácteos, Huevos y Congelados",Leche,Leche Cultivada Sabor Vainilla Botella 1 L Soprole,2390,https://super.lider.cl/ip/leche/leche-cultivada-sabor-vainilla-botella/00780290017005?channable=06660b696400303037383032393030313730303584
"Lácteos, Huevos y Congelados",Leche,Leche Semidescremada Sin Lactosa 1 L Lider,1190,https://super.lider.cl/ip/leche/leche-semidescremada-sin-lactosa/00040005027042?channable=06660b696400303030343030303530323730343299
"Lácteos, Huevos y Congelados",Leche,Leche Cultivada Protein Sabor Chirimoya 900 ml Loncoleche,3190,https://super.lider.cl/ip/leche/leche-cultivada-protein-sabor-chirimoya/00780291000860?channable=06660b69640030303738303239313030303836304f
"Lácteos, Huevos y Congelados",Leche,Leche Cultivada Next Sabor Chirimoya Botella 1 L Soprole,2290,https://super.lider.cl/ip/leche/leche-cultivada-next-sabor-chirimoya-botella/00780290034530?channable=06660b696400303037383032393030333435333001
"Lácteos, Huevos y Congelados",Leche,Leche Cultivada Sin Azúcar Sabor Chirimoya Botella 900 g Loncoleche,2550,https://super.lider.cl/ip/leche/leche-cultivada-sin-azucar-sabor-chirimoya-botella/00780291000096?channable=06660b6964003030373830323931303030303936d4
"Lácteos, Huevos y Congelados",Leche,Leche Cultivada Light Sabor Frambuesa Botella 1 L Colun,2190,https://super.lider.cl/ip/leche/leche-cultivada-light-sabor-frambuesa-botella/00780292000332?channable=06660b69640030303738303239323030303333323a
"Lácteos, Huevos y Congelados",Leche,Leche Cultivada Light Sabor Frutilla Botella 180 g Colun,640,https://super.lider.cl/ip/leche/leche-cultivada-light-sabor-frutilla-botella/00780292000516?channable=06660b6964003030373830323932303030353136bd
"Lácteos, Huevos y Congelados",Leche,Leche Sin Lactosa Entera 1 L Soprole,1350,https://super.lider.cl/ip/leche/leche-sin-lactosa-entera/00780290000340?channable=06660b696400303037383032393030303033343010
"Lácteos, Huevos y Congelados",Leche,Leche Descremada Sin Lactosa Caja 1 L Surlat,1290,https://super.lider.cl/ip/leche/leche-descremada-sin-lactosa-caja/00780870950199?channable=06660b6964003030373830383730393530313939fe
"Lácteos, Huevos y Congelados",Leche,Leche Cultivada Tradicional Frutilla 3x170 Ml 510 ml Soprole,1490,https://super.lider.cl/ip/leche/leche-cultivada-tradicional-frutilla-3x170-ml/00780290000484?channable=06660b696400303037383032393030303034383457
"Lácteos, Huevos y Congelados",Leche,Leche Cultivada Tradicional Chririmoya 3x170ml 510 ml Soprole,1490,https://super.lider.cl/ip/leche/leche-cultivada-tradicional-chririmoya-3x170ml/00780290000485?channable=06660b696400303037383032393030303034383558
"Lácteos, Huevos y Congelados",Leche,Leche Sin Lactosa Descremada Con Fibra 1 L Soprole,1790,https://super.lider.cl/ip/leche/leche-sin-lactosa-descremada-con-fibra/00780290000462?channable=06660b696400303037383032393030303034363254
"Lácteos, Huevos y Congelados",Leche,Leche Sin Lactosa Semidescremada Zerolacto 1 L Soprole,1350,https://super.lider.cl/ip/leche/leche-sin-lactosa-semidescremada-zerolacto/00780290020081?channable=06660b696400303037383032393030323030383133
"Lácteos, Huevos y Congelados",Leche,Leche Semidescremada Sin Lactosa Chocolate Caja 1 L Loncoleche,2190,https://super.lider.cl/ip/leche/leche-semidescremada-sin-lactosa-chocolate-caja/00780291000072?channable=06660b6964003030373830323931303030303732cf
"Lácteos, Huevos y Congelados",Leche,Leche Entera Natural Sin Lactosa 1 L Loncoleche,1350,https://super.lider.cl/ip/leche/leche-entera-natural-sin-lactosa/00780291000097?channable=06660b6964003030373830323931303030303937d5
"Lácteos, Huevos y Congelados",Leche,Leche Descremada Natural Sin Lactosa 1 L Loncoleche,1350,https://super.lider.cl/ip/leche/leche-descremada-natural-sin-lactosa/00780291008350?channable=06660b69640030303738303239313030383335308e
"Lácteos, Huevos y Congelados",Leche,Leche Semidescremada Sin Lactosa Caja Con Tapa 1 L Colun,1350,https://super.lider.cl/ip/leche/leche-semidescremada-sin-lactosa-caja-con-tapa/00780292000741?channable=06660b6964003030373830323932303030373431ba
"Lácteos, Huevos y Congelados",Leche,Leche Extra Proteína Caja 1 L Loncoleche,1950,https://super.lider.cl/ip/leche/leche-extra-proteina-caja/00780291000669?channable=06660b6964003030373830323931303030363639d7
"Lácteos, Huevos y Congelados",Leche,Leche Break Cappuccino 250 ml Loncoleche,650,https://super.lider.cl/ip/leche/leche-break-cappuccino/00780291000807?channable=06660b696400303037383032393130303038303753
"Lácteos, Huevos y Congelados",Leche,Leche Cultivada Sabor Frutilla Botella 1 L Soprole,2390,https://super.lider.cl/ip/leche/leche-cultivada-sabor-frutilla-botella/00780290017002?channable=06660b696400303037383032393030313730303281
"Lácteos, Huevos y Congelados",Leche,Leche Cultivada Sabor Chirimoya Botella 1 L Soprole,2390,https://super.lider.cl/ip/leche/leche-cultivada-sabor-chirimoya-botella/00780290017030?channable=06660b696400303037383032393030313730333000
Despensa,Arroz,Arroz Grado 1 Grano Largo Bolsa 800 g La Romana,1000,https://super.lider.cl/ip/arroz-y-legumbres/arroz-grado-1-grano-largo-bolsa/00780465140020?channable=06660b6964003030373830343635313430303230e7
Despensa,Arroz,Arroz Grado 1 Grano Largo Y Delgado Bolsa 1 kg Lider,1650,https://super.lider.cl/ip/arroz-y-legumbres/arroz-grado-1-grano-largo-y-delgado-bolsa/00780963720030?channable=06660b696400303037383039363337323030333059
Despensa,Arroz,Arroz Grado 1 Grano Largo Pregraneado Bolsa 1 kg Tucapel,1890,https://super.lider.cl/ip/arroz-y-legumbres/arroz-grado-1-grano-largo-pregraneado-bolsa/00780142014013?channable=06660b6964003030373830313432303134303133a3
Despensa,Arroz,Arroz Grado 1 Grano Largo Bolsa 1 Kg Miraflores,2550,https://super.lider.cl/ip/arroz-y-legumbres/arroz-grado-1-grano-largo-bolsa/00780261500655?channable=06660b696400303037383032363135303036353535
Despensa,Arroz,Arroz Preparado Campesino Bolsa 210 g Miraflores,1090,https://super.lider.cl/ip/arroz-y-legumbres/arroz-preparado-campesino-bolsa/00780012017676?channable=06660b696400303037383030313230313736373678
Despensa,Arroz,Arroz Grado 1 Grano Largo Pregraneado Bolsa 1 kg Lider,1850,https://super.lider.cl/ip/arroz-y-legumbres/arroz-grado-1-grano-largo-pregraneado-bolsa/00780142000195?channable=06660b696400303037383031343230303031393518
Despensa,Arroz,Arroz Grado 1 Grano Largo Bolsa 2 kg Banquete,4490,https://super.lider.cl/ip/arroz-y-legumbres/arroz-grado-1-grano-largo-bolsa/00780311000019?channable=06660b696400303037383033313130303030313910
Despensa,Arroz,Arroz Grado 2 Grano Largo Bolsa 1 kg Banquete,2090,https://super.lider.cl/ip/arroz-y-legumbres/arroz-grado-2-grano-largo-bolsa/00780311010223?channable=06660b6964003030373830333131303130323233fb
Despensa,Arroz,Arroz Grado 1 Grano Corto Risotto Italiano Bolsa 1 kg Tucapel,4990,https://super.lider.cl/ip/arroz-y-legumbres/arroz-grado-1-grano-corto-risotto-italiano-bolsa/00780142000155?channable=06660b696400303037383031343230303031353516
Despensa,Arroz,Arroz Integral Grado 1 Grano Largo Bolsa 1 kg Tucapel,1990,https://super.lider.cl/ip/arroz-y-legumbres/arroz-integral-grado-1-grano-largo-bolsa/00780142013013?channable=06660b696400303037383031343230313330313383
Despensa,Arroz,Arroz Largo Ancho Grano 2 Banquete,2000,https://super.lider.cl/ip/arroz-y-legumbres/arroz-largo-ancho-grano-2/00780311000040?channable=06660b696400303037383033313130303030343089
Despensa,Arroz,Arroz Para Sushi Bolsa 400 g Tucapel,1250,https://super.lider.cl/ip/arroz-y-legumbres/arroz-para-sushi-bolsa/00780142000208?channable=06660b6964003030373830313432303030323038d7
Despensa,Arroz,Arroz Grado 2 Grano Largo Bolsa 1 kg Tucapel,1490,https://super.lider.cl/ip/arroz-y-legumbres/arroz-grado-2-grano-largo-bolsa/00780142022013?channable=06660b696400303037383031343230323230313373
Despensa,Arroz,Poroto Negro Bolsa 1 Kg Banquete,2390,https://super.lider.cl/ip/arroz-y-legumbres/poroto-negro-bolsa/00780311010820?channable=06660b69640030303738303331313031303832307a
Despensa,Arroz,Galletitas De Arroz Yoghurt Y Limón 25 g Lider,470,https://super.lider.cl/ip/sin-gluten/galletitas-de-arroz-yoghurt-y-limon/00780463593156?channable=06660b696400303037383034363335393331353678
Despensa,Arroz,Fideos De Arroz Finos 220 g Lider,1490,https://super.lider.cl/ip/arroz-y-legumbres/fideos-de-arroz-finos/00040005098682?channable=06660b69640030303034303030353039383638324d
Despensa,Arroz,Arroz Preparado Curry Bolsa 210 g Miraflores,1090,https://super.lider.cl/ip/arroz-y-legumbres/arroz-preparado-curry-bolsa/00780012075558?channable=06660b696400303037383030313230373535353818
Despensa,Arroz,Arroz Integral Multigrano Bolsa 400 g Banquete,1250,https://super.lider.cl/ip/arroz-y-legumbres/arroz-integral-multigrano-bolsa/00780142000157?channable=06660b696400303037383031343230303031353718
Despensa,Arroz,Arroz Grado 2 Grano Largo Bolsa 1 kg Tucapel,1750,https://super.lider.cl/ip/arroz-y-legumbres/arroz-grado-2-grano-largo-bolsa/00780142021013?channable=06660b696400303037383031343230323130313312
Despensa,Arroz,Arroz Grado 2 Grano Largo Y Ancho Bolsa 1 kg Lider,1490,https://super.lider.cl/ip/arroz-y-legumbres/arroz-grado-2-grano-largo-y-ancho-bolsa/00780142000015?channable=06660b6964003030373830313432303030303135d4
Despensa,Arroz,Arroz Grado 1 Grano Corto Para Paella Bolsa 1 kg Tucapel,3250,https://super.lider.cl/ip/arroz-y-legumbres/arroz-grado-1-grano-corto-para-paella-bolsa/00780142095018?channable=06660b6964003030373830313432303935303138c8
Despensa,Arroz,Galletas De Arroz Manzana 16 g Mizos,540,https://super.lider.cl/ip/arroz-y-legumbres/galletas-de-arroz-manzana/00780464645000?channable=06660b696400303037383034363436343530303033
Despensa,Arroz,Fideos De Arroz Anchos 375 g Lider,2000,https://super.lider.cl/ip/arroz-y-legumbres/fideos-de-arroz-anchos/00040005098683?channable=06660b69640030303034303030353039383638334e
Despensa,Arroz,Arroz Negro Bolsa 230 g Tucapel,2390,https://super.lider.cl/ip/arroz-y-legumbres/arroz-negro-bolsa/00780142000207?channable=06660b6964003030373830313432303030323037d6
Despensa,Arroz,Arroz Risotto Carnaloni Bolsa 400 g Miraflores,2190,https://super.lider.cl/ip/arroz-y-legumbres/arroz-risotto-carnaloni-bolsa/00780012017679?channable=06660b69640030303738303031323031373637397b
Despensa,Arroz,Arroz Preparado Chaufán Bolsa 210 g Miraflores,1090,https://super.lider.cl/ip/arroz-y-legumbres/arroz-preparado-chaufan-bolsa/00780257575557?channable=06660b6964003030373830323537353735353537ae
Despensa,Arroz,Arroz Preparado Champiñón Bolsa 210 g Miraflores,1090,https://super.lider.cl/ip/arroz-y-legumbres/arroz-preparado-champinon-bolsa/00780261500798?channable=06660b6964003030373830323631353030373938fa
Despensa,Arroz,Arroz Preparado Primavera Bolsa 210 g Tucapel,790,https://super.lider.cl/ip/arroz-y-legumbres/arroz-preparado-primavera-bolsa/00780142050001?channable=06660b6964003030373830313432303530303031e0
Despensa,Arroz,Arroz Preparado Champiñón Bolsa 210 g Tucapel,790,https://super.lider.cl/ip/arroz-y-legumbres/arroz-preparado-champinon-bolsa/00780142050002?channable=06660b6964003030373830313432303530303032e1
Despensa,Arroz,Arroz Grado 1 Grano Largo Bolsa 1 kg Tucapel,2350,https://super.lider.cl/ip/arroz-y-legumbres/arroz-grado-1-grano-largo-bolsa/00780142025014?channable=06660b696400303037383031343230323530313494
Despensa,Arroz,Arroz Grado 2 Largo Ancho Bolsa 1 kg Miraflores,2150,https://super.lider.cl/ip/arroz-y-legumbres/arroz-grado-2-largo-ancho-bolsa/00780261500657?channable=06660b696400303037383032363135303036353737
Despensa,Arroz,Arroz Grado 1 Grano Largo Bolsa 1 kg Banquete,2350,https://super.lider.cl/ip/arroz-y-legumbres/arroz-grado-1-grano-largo-bolsa/00780311010221?channable=06660b6964003030373830333131303130323231f9
Despensa,Arroz,Arroz Grano Corto Risotto Champiñón Bolsa 180 g Miraflores,2290,https://super.lider.cl/ip/arroz-y-legumbres/arroz-grano-corto-risotto-champinon-bolsa/00780257571505?channable=06660b6964003030373830323537353731353035a9
Despensa,Arroz,Arroz Grado 1 Grano Largo Y Ancho Bolsa 1 kg Lider,1890,https://super.lider.cl/ip/arroz-y-legumbres/arroz-grado-1-grano-largo-y-ancho-bolsa/00780142000013?channable=06660b6964003030373830313432303030303133d2
Despensa,Arroz,Arroz Grado 1 Grano Largo Basmati Bolsa 1 kg Lider,4290,https://super.lider.cl/ip/arroz-y-legumbres/arroz-grado-1-grano-largo-basmati-bolsa/00780963720147?channable=06660b696400303037383039363337323031343720
Despensa,Arroz,Arroz Grado 1 Grano Largo Basmati Bolsa 1 kg Tucapel,5390,https://super.lider.cl/ip/arroz-y-legumbres/arroz-grado-1-grano-largo-basmati-bolsa/00780142000153?channable=06660b696400303037383031343230303031353314
Despensa,Arroz,Arroz Integral Grado 1 Grano Largo Bolsa 1 Kg Miraflores,2690,https://super.lider.cl/ip/arroz-y-legumbres/arroz-integral-grado-1-grano-largo-bolsa/00780012073742?channable=06660b6964003030373830303132303733373432d2
Despensa,Arroz,Arroz Grano Corto Risotto 3 Quesos Bolsa 180 g Miraflores,2290,https://super.lider.cl/ip/arroz-y-legumbres/arroz-grano-corto-risotto-3-quesos-bolsa/00780257571508?channable=06660b6964003030373830323537353731353038ac
Despensa,Arroz,Arroz Grado 1 Risotto Italiano Bolsa 400 g Tucapel,1690,https://super.lider.cl/ip/arroz-y-legumbres/arroz-grado-1-risotto-italiano-bolsa/00780142000197?channable=06660b69640030303738303134323030303139371a
Despensa,Arroz,Arroz Grado 1 Grano Largo Blue Bonnet Bolsa 1 Kg Tucapel,2290,https://super.lider.cl/ip/arroz-y-legumbres/arroz-grado-1-grano-largo-blue-bonnet-bolsa/00780142000169?channable=06660b69640030303738303134323030303136399b
Despensa,Arroz,Arroz Integral Grado 1 Grano Largo Y Ancho Bolsa 1 kg Lider,1990,https://super.lider.cl/ip/arroz-y-legumbres/arroz-integral-grado-1-grano-largo-y-ancho-bolsa/00780142000080?channable=06660b696400303037383031343230303030383053
Despensa,Arroz,Arroz Salvaje Y Porotos Rojos Plato Listo Ya 220 g Iansa Agro,3290,https://super.lider.cl/ip/arroz-y-legumbres/arroz-salvaje-y-porotos-rojos-plato-listo-ya/00780150500403?channable=06660b6964003030373830313530353030343033b1
Despensa,Arroz,Arroz Grado 1 Grano Largo Pregraneado Bolsa 1 Kg Miraflores,2090,https://super.lider.cl/ip/arroz-y-legumbres/arroz-grado-1-grano-largo-pregraneado-bolsa/00780261500656?channable=06660b696400303037383032363135303036353636
Despensa,Arroz,Arroz Grado 1 Grano Largo Basmati Bolsa 400 g Tucapel,1990,https://super.lider.cl/ip/arroz-y-legumbres/arroz-grado-1-grano-largo-basmati-bolsa/00780142000196?channable=06660b696400303037383031343230303031393619
Despensa,Arroz,Arroz Con Leche Postre Tradicional 130 g Soprole,680,https://super.lider.cl/ip/postres-refrigerados/arroz-con-leche-postre-tradicional/00780290022101?channable=06660b69640030303738303239303032323130312f
Despensa,Arroz,Galletas De Arroz Mizos Chocolate,540,https://super.lider.cl/ip/arroz-y-legumbres/galletas-de-arroz-mizos-chocolate/00780464645002?channable=06660b696400303037383034363436343530303235
Despensa,Arroz,Galletas De Arroz Arándano Y Granada 16 gr Mizos,540,https://super.lider.cl/ip/arroz-y-legumbres/galletas-de-arroz-arandano-y-granada/00780464645001?channable=06660b696400303037383034363436343530303134
Despensa,Arroz,Galletas De Arroz Con Arroz Integral Dulces 150 g Tucapel,1250,https://super.lider.cl/ip/sin-gluten/galletas-de-arroz-con-arroz-integral-dulces/00780142000178?channable=06660b69640030303738303134323030303137381a
Despensa,Aceite,Aceite Maravilla Botella 900 ml Miraflores,2890,https://super.lider.cl/ip/aceites-y-aderezos/aceite-maravilla-botella/00780132000000?channable=06660b696400303037383031333230303030303051
Despensa,Aceite,Aceite De Maravilla Botella 5 L Natura,13290,https://super.lider.cl/ip/aceites-y-aderezos/aceite-de-maravilla-botella/00779027200411?channable=06660b6964003030373739303237323030343131f0
Despensa,Aceite,Aceite Vegetal Botella 900 ml Lider,1690,https://super.lider.cl/ip/aceites-y-aderezos/aceite-vegetal-botella/00779027200798?channable=06660b69640030303737393032373230303739383c
Despensa,Aceite,Aceite Freír Botella 1 L Belmont,5790,https://super.lider.cl/ip/aceites-y-aderezos/aceite-freir-botella/00780281000550?channable=06660b6964003030373830323831303030353530bb
Despensa,Aceite,Aceite Oliva Botella 1 L Chef,15990,https://super.lider.cl/ip/aceites-y-aderezos/aceite-oliva-botella/00780281000216?channable=06660b69640030303738303238313030303231367f
Despensa,Aceite,Aceite Oliva Extra Virgen Botella 1 L Sol de Aculeo,14990,https://super.lider.cl/ip/aceites-y-aderezos/aceite-oliva-extra-virgen-botella/00780460872011?channable=06660b696400303037383034363038373230313104
Despensa,Aceite,Aceite Vegetal Bidón 5 L Lider,8990,https://super.lider.cl/ip/aceites-y-aderezos/aceite-vegetal-bidon/00779027200888?channable=06660b69640030303737393032373230303838387c
Despensa,Aceite,Colado De Manzana Y Zanahoria 100% Fruta 90 g Parent's Choice,950,https://super.lider.cl/ip/alimentacion-y-lactancia/colado-de-manzana-y-zanahoria-100-fruta/00780465506003?channable=06660b69640030303738303436353530363030338a
Despensa,Aceite,Aceite De Oliva 500 ml Lider,6590,https://super.lider.cl/ip/aceites-y-aderezos/aceite-de-oliva/00040005098440?channable=06660b6964003030303430303035303938343430c8
Despensa,Aceite,Aceite Canola Botella 1 L Lider,2500,https://super.lider.cl/ip/aceites-y-aderezos/aceite-canola-botella/00040005052442?channable=06660b6964003030303430303035303532343432c9
Despensa,Aceite,Aceite Maravilla Botella 1 L Lider,2490,https://super.lider.cl/ip/aceites-y-aderezos/aceite-maravilla-botella/00040005052441?channable=06660b6964003030303430303035303532343431c8
Despensa,Aceite,Aceite De Maravilla Botella 3 L Natura,10590,https://super.lider.cl/ip/aceites-y-aderezos/aceite-de-maravilla-botella/00779027200103?channable=06660b6964003030373739303237323030313033b1
Despensa,Aceite,Aceite Vegetal Botella 3 L Natura,9990,https://super.lider.cl/ip/aceites-y-aderezos/aceite-vegetal-botella/00779027200857?channable=06660b6964003030373739303237323030383537f9
Despensa,Aceite,Aceite Maíz Botella 1 L Chef,5390,https://super.lider.cl/ip/aceites-y-aderezos/aceite-maiz-botella/00780281000215?channable=06660b69640030303738303238313030303231357e
Despensa,Aceite,Aceite De Canola Botella 900 ml Belmont,3790,https://super.lider.cl/ip/aceites-y-aderezos/aceite-de-canola-botella/00780281000927?channable=06660b696400303037383032383130303039323742
Despensa,Aceite,Aceite Vegetal Bidón 5 L Belmont,14690,https://super.lider.cl/ip/aceites-y-aderezos/aceite-vegetal-bidon/00780281001217?channable=06660b6964003030373830323831303031323137a0
Despensa,Aceite,Aceite Maravilla Botella 180 ml Kardamili,5690,https://super.lider.cl/ip/aceites-y-aderezos/aceite-maravilla-botella/00780872580043?channable=06660b69640030303738303837323538303034330d
Despensa,Aceite,Aceite Oliva Botella 1 L Trattoria,12090,https://super.lider.cl/ip/aceites-y-aderezos/aceite-oliva-botella/00780257520406?channable=06660b6964003030373830323537353230343036f9
Despensa,Aceite,Aceite Oliva Botella 250 ml Selección,6790,https://super.lider.cl/ip/aceites-y-aderezos/aceite-oliva-botella/00780460872036?channable=06660b69640030303738303436303837323033360a
Despensa,Aceite,Aceite De Maravilla Botella 1 L Natura,2790,https://super.lider.cl/ip/aceites-y-aderezos/aceite-de-maravilla-botella/00779027200101?channable=06660b6964003030373739303237323030313031af
Despensa,Aceite,"Aceite De Maravilla Botella 1,5 L Natura",5490,https://super.lider.cl/ip/aceites-y-aderezos/aceite-de-maravilla-botella/00779027200102?channable=06660b6964003030373739303237323030313032b0
Despensa,Aceite,Aceite Maravilla Botella 900 ml Natura,4690,https://super.lider.cl/ip/aceites-y-aderezos/aceite-maravilla-botella/00779027200896?channable=06660b6964003030373739303237323030383936fa
Despensa,Aceite,Aceite Oliva Extra Virgen Botella 500 ml Las Doscientas,8490,https://super.lider.cl/ip/aceites-y-aderezos/aceite-oliva-extra-virgen-botella/00780461632004?channable=06660b696400303037383034363136333230303432
Despensa,Aceite,Aceite Oliva Extra Virgen Botella 250 ml Lider,4690,https://super.lider.cl/ip/aceites-y-aderezos/aceite-oliva-extra-virgen-botella/00780460872014?channable=06660b696400303037383034363038373230313407
Despensa,Aceite,Aceite Oliva Extra Virgen Botella 1 L Lider,14990,https://super.lider.cl/ip/aceites-y-aderezos/aceite-oliva-extra-virgen-botella/00780460872016?channable=06660b696400303037383034363038373230313609
Despensa,Aceite,Aceite Oliva Extra Virgen Botella 500 ml Relive,8990,https://super.lider.cl/ip/aceites-y-aderezos/aceite-oliva-extra-virgen-botella/00040005063650?channable=06660b696400303030343030303530363336353059
Despensa,Aceite,Aceite Oliva Extra Virgen Botella 1 L Relive,14990,https://super.lider.cl/ip/aceites-y-aderezos/aceite-oliva-extra-virgen-botella/00040005063651?channable=06660b69640030303034303030353036333635315a
Despensa,Aceite,Aceite Oliva Extra Virgen Botella 1000 ml Natura,18990,https://super.lider.cl/ip/aceites-y-aderezos/aceite-oliva-extra-virgen-botella/00779027200788?channable=06660b6964003030373739303237323030373838bb
Despensa,Aceite,Aceite Oliva Extra Virgen Botella 500 ml Talliani,10890,https://super.lider.cl/ip/aceites-y-aderezos/aceite-oliva-extra-virgen-botella/00780132024221?channable=06660b696400303037383031333230323432323134
Despensa,Aceite,Aceite Oliva Extra Virgen Botella 1 L Talliani,18490,https://super.lider.cl/ip/aceites-y-aderezos/aceite-oliva-extra-virgen-botella/00780132024224?channable=06660b696400303037383031333230323432323437
Despensa,Aceite,Aceite Oliva Extra Virgen Botella 500 ml Olave,8990,https://super.lider.cl/ip/aceites-y-aderezos/aceite-oliva-extra-virgen-botella/00780876090007?channable=06660b6964003030373830383736303930303037c7
Despensa,Aceite,Aceite De Maravilla Botella Botella 1 L Chef,2890,https://super.lider.cl/ip/aceites-y-aderezos/aceite-de-maravilla-botella-botella/00780281000209?channable=06660b696400303037383032383130303032303901
Despensa,Aceite,Aceite Coco Y Palta Botella 250 ml Great Value,4990,https://super.lider.cl/ip/aceites-y-aderezos/aceite-coco-y-palta-botella/00062891582780?channable=06660b6964003030303632383931353832373830e9
Despensa,Aceite,Aceite Oliva Extra Virgen Botella 1000 ml Selección,17990,https://super.lider.cl/ip/aceites-y-aderezos/aceite-oliva-extra-virgen-botella/00780460872027?channable=06660b69640030303738303436303837323032378b
Despensa,Aceite,Aceite Oliva Extra Virgen Botella 250 ml Selección,6790,https://super.lider.cl/ip/aceites-y-aderezos/aceite-oliva-extra-virgen-botella/00780460872039?channable=06660b69640030303738303436303837323033390d
Despensa,Aceite,Aceite Oliva Extra Virgen Botella 500 ml Kardámili,7950,https://super.lider.cl/ip/aceites-y-aderezos/aceite-oliva-extra-virgen-botella/00780872580001?channable=06660b696400303037383038373235383030303109
Despensa,Aceite,Aceite Oliva Extra Virgen Botella 500 ml Banquete,8490,https://super.lider.cl/ip/aceites-y-aderezos/aceite-oliva-extra-virgen-botella/00780142000060?channable=06660b696400303037383031343230303030363052
Despensa,Aceite,Aceite De Oliva 1 L Lider,12590,https://super.lider.cl/ip/aceites-y-aderezos/aceite-de-oliva/00040005098441?channable=06660b6964003030303430303035303938343431c9
Despensa,Aceite,Aceite Coco Frasco 350 g Mi Tierra,9190,https://super.lider.cl/ip/aceites-y-aderezos/aceite-coco-frasco/00780350002049?channable=06660b696400303037383033353030303230343946
Despensa,Aceite,"Ajo Picado En Aceite Oliva Frasco 226,7 g Badia",5590,https://super.lider.cl/ip/aceites-y-aderezos/ajo-picado-en-aceite-oliva-frasco/00003384400220?channable=06660b6964003030303033333834343030323230e0
Despensa,Aceite,Aceite Olivado Botella 500 ml Lider,3000,https://super.lider.cl/ip/aceites-y-aderezos/aceite-olivado-botella/00040005066695?channable=06660b696400303030343030303530363636393540
Despensa,Aceite,Aceite Olivado Botella 1 L Lider,6990,https://super.lider.cl/ip/aceites-y-aderezos/aceite-olivado-botella/00040005066696?channable=06660b696400303030343030303530363636393641
Despensa,Aceite,Aceite De Canola Spray 400 g ProOil,7790,https://super.lider.cl/ip/aceites-y-aderezos/aceite-de-canola-spray/00931169870007?channable=06660b6964003030393331313639383730303037e9
Despensa,Aceite,Aceite Oliva Botella 500 ml Huasco,7990,https://super.lider.cl/ip/aceites-y-aderezos/aceite-oliva-botella/00780876090047?channable=06660b6964003030373830383736303930303437c9
Despensa,Aceite,Aceite De Oliva Extra Virgen 2 L Huasco,24990,https://super.lider.cl/ip/aceites-y-aderezos/aceite-de-oliva-extra-virgen/00780876090052?channable=06660b696400303037383038373630393030353245
Despensa,Aceite,Aceite Vegetal Botella 900 ml Natura,2750,https://super.lider.cl/ip/aceites-y-aderezos/aceite-vegetal-botella/00779027200831?channable=06660b6964003030373739303237323030383331f2
Despensa,Aceite,Aceite Vegetal Botella 1 L Belmont,2450,https://super.lider.cl/ip/aceites-y-aderezos/aceite-vegetal-botella/00780281001202?channable=06660b69640030303738303238313030313230321a
Bebidas,Bebidas,Bebida Hidratante Frutos Tropicales Botella 1 L Ironade,1290,https://super.lider.cl/ip/bebidas-funcionales/bebida-hidratante-frutos-tropicales-botella/00780460472917?channable=06660b69640030303738303436303437323931372c
Bebidas,Bebidas,Bebida Papaya Zero Botella,2990,https://super.lider.cl/ip/bebidas/bebida-papaya-zero-botella/00780162000507?channable=06660b69640030303738303136323030303530379b
Bebidas,Bebidas,Bebida Original Botella 2 L Coca-Cola,2000,https://super.lider.cl/ip/bebidas/bebida-original-botella/00780161000161?channable=06660b696400303037383031363130303031363193
Bebidas,Bebidas,"Bebida Naranja Botella 2,5 L Fanta",2000,https://super.lider.cl/ip/bebidas/bebida-naranja-botella/00780161000307?channable=06660b696400303037383031363130303033303716
Bebidas,Bebidas,Bebida Papaya Original Botella,2990,https://super.lider.cl/ip/bebidas/bebida-papaya-original-botella/00780162000121?channable=06660b696400303037383031363230303031323195
Bebidas,Bebidas,Bebida Sabor Papaya Botella,1990,https://super.lider.cl/ip/bebidas/bebida-sabor-papaya-botella/00780162030018?channable=06660b6964003030373830313632303330303138cb
Bebidas,Bebidas,Bebida Papaya Zero Botella,1990,https://super.lider.cl/ip/bebidas/bebida-papaya-zero-botella/00780162000491?channable=06660b6964003030373830313632303030343931d9
Bebidas,Bebidas,Bebida Limón Pack Lata 6 Un Sprite,4090,https://super.lider.cl/ip/bebidas/bebida-limon-pack-lata/00780161000520?channable=06660b696400303037383031363130303035323091
Bebidas,Bebidas,Bebida Frutal Pack Lata 6 Un Bilz,3890,https://super.lider.cl/ip/bebidas/bebida-frutal-pack-lata/00780162000032?channable=06660b6964003030373830313632303030303332d6
Bebidas,Bebidas,Bebida Papaya Pack Lata,3890,https://super.lider.cl/ip/bebidas/bebida-papaya-pack-lata/00780162000033?channable=06660b6964003030373830313632303030303333d7
Bebidas,Bebidas,Bebida Papaya Botella,1750,https://super.lider.cl/ip/bebidas/bebida-papaya-botella/00780162017272?channable=06660b69640030303738303136323031373237328a
Bebidas,Bebidas,Bebida Ginger Ale Pack Lata 6 Un Schweppes,4090,https://super.lider.cl/ip/bebidas/bebida-ginger-ale-pack-lata/00780161031047?channable=06660b6964003030373830313631303331303437e8
Bebidas,Bebidas,Bebida Original Botella 1500 ml Pepsi,1450,https://super.lider.cl/ip/bebidas/bebida-original-botella/00780162001451?channable=06660b6964003030373830313632303031343531b7
Bebidas,Bebidas,Bebida Original Botella 3 L Pepsi,2000,https://super.lider.cl/ip/bebidas/bebida-original-botella/00780162001755?channable=06660b6964003030373830313632303031373535fc
Bebidas,Bebidas,Bebida Zero Botella 600 ml Pepsi,1190,https://super.lider.cl/ip/bebidas/bebida-zero-botella/00780162000934?channable=06660b69640030303738303136323030303933341a
Bebidas,Bebidas,Bebida Light Pack Lata 6 Un Coca-Cola,4390,https://super.lider.cl/ip/bebidas/bebida-light-pack-lata/00780161020032?channable=06660b6964003030373830313631303230303332b2
Bebidas,Bebidas,Bebida Zero Botella 3 L Pepsi,2000,https://super.lider.cl/ip/bebidas/bebida-zero-botella/00780162000689?channable=06660b6964003030373830313632303030363839e1
Bebidas,Bebidas,Bebida Papaya Original Botella,1190,https://super.lider.cl/ip/bebidas/bebida-papaya-original-botella/00780162000938?channable=06660b69640030303738303136323030303933381e
Bebidas,Bebidas,Bebida Ginger Ale Pack Lata 6 Un Canada Dry,3890,https://super.lider.cl/ip/bebidas/bebida-ginger-ale-pack-lata/00780162000021?channable=06660b696400303037383031363230303030323155
Bebidas,Bebidas,Bebida Frutal Original Botella 3 L Bilz,2990,https://super.lider.cl/ip/bebidas/bebida-frutal-original-botella/00780162000119?channable=06660b69640030303738303136323030303131391c
Bebidas,Bebidas,Bebida Lata Original 350 ml Coca-Cola,4090,https://super.lider.cl/ip/bebidas/bebida-lata-original/00780161000120?channable=06660b696400303037383031363130303031323090
Bebidas,Bebidas,"Bebida Pomelo Botella 1,5 L Fanta",2050,https://super.lider.cl/ip/bebidas/bebida-pomelo-botella/00780161000245?channable=06660b6964003030373830313631303030323435d6
Bebidas,Bebidas,Bebida Lima Limón Sin Azúcar Lata 6 Un Sprite,4090,https://super.lider.cl/ip/bebidas/bebida-lima-limon-sin-azucar-lata/00780161022320?channable=06660b696400303037383031363130323233323031
Bebidas,Bebidas,Bebida Ginger Ale Sin Azúcar Pack Lata 6 Un Schweppes,4090,https://super.lider.cl/ip/bebidas/bebida-ginger-ale-sin-azucar-pack-lata/00780161031049?channable=06660b6964003030373830313631303331303439ea
Bebidas,Bebidas,Bebida Original Botella 3 L Inca Kola,3090,https://super.lider.cl/ip/bebidas/bebida-original-botella/00780161033348?channable=06660b6964003030373830313631303333333438ea
Bebidas,Bebidas,Bebida Naranja Original Botella 591 ml Fanta,1270,https://super.lider.cl/ip/bebidas/bebida-naranja-original-botella/00780161059111?channable=06660b696400303037383031363130353931313142
Bebidas,Bebidas,Bebida Limón Botella 3 L Limón Soda,2990,https://super.lider.cl/ip/bebidas/bebida-limon-botella/00780162000164?channable=06660b69640030303738303136323030303136349a
Bebidas,Bebidas,Bebida Zero Piña Botella 600 ml Kem,1190,https://super.lider.cl/ip/bebidas/bebida-zero-pina-botella/00780162000941?channable=06660b696400303037383031363230303039343198
Bebidas,Bebidas,Bebida Piña Original Botella 600 cc Kem,1190,https://super.lider.cl/ip/bebidas/bebida-pina-original-botella/00780162000944?channable=06660b69640030303738303136323030303934349b
Bebidas,Bebidas,Bebida Naranja Original Botella 600 cc Crush,1190,https://super.lider.cl/ip/bebidas/bebida-naranja-original-botella/00780162000948?channable=06660b69640030303738303136323030303934389f
Bebidas,Bebidas,Bebida Frutal Original Botella 600 cc Bilz,1190,https://super.lider.cl/ip/bebidas/bebida-frutal-original-botella/00780162000950?channable=06660b696400303037383031363230303039353017
Bebidas,Bebidas,Bebida Piña Zero Botella 3 L Kem,2990,https://super.lider.cl/ip/bebidas/bebida-pina-zero-botella/00780162000529?channable=06660b69640030303738303136323030303532399e
Bebidas,Bebidas,Bebida Naranja Zero Botella 1500 cc Crush,1450,https://super.lider.cl/ip/bebidas/bebida-naranja-zero-botella/00780162085320?channable=06660b696400303037383031363230383533323056
Bebidas,Bebidas,Bebida Energetica Mango Lata 473 ml Score,1290,https://super.lider.cl/ip/bebidas-funcionales/bebida-energetica-mango-lata/00079819022504?channable=06660b696400303030373938313930323235303437
Bebidas,Bebidas,Bebida Energética Original Lata 473 ml Score,1290,https://super.lider.cl/ip/bebidas-funcionales/bebida-energetica-original-lata/00079819024317?channable=06660b6964003030303739383139303234333137fa
Bebidas,Bebidas,"Bebida Zero Botella 1,5 L Pepsi",1450,https://super.lider.cl/ip/bebidas/bebida-zero-botella/00780162000686?channable=06660b6964003030373830313632303030363836de
Bebidas,Bebidas,Bebida Limón Original Botella Retornable 3 L Sprite,1990,https://super.lider.cl/ip/bebidas/bebida-limon-original-botella-retornable/00780161033352?channable=06660b696400303037383031363130333333353265
Bebidas,Bebidas,Bebida Hidratante Frutilla Botella 625 ml Electrolit,1850,https://super.lider.cl/ip/bebidas-funcionales/bebida-hidratante-frutilla-botella/00750226854164?channable=06660b6964003030373530323236383534313634a3
Bebidas,Bebidas,Bebida Isotónica Sabor Frutilla 625 ml Fastlyte,1750,https://super.lider.cl/ip/bebidas-funcionales/bebida-isotonica-sabor-frutilla/00780282077411?channable=06660b696400303037383032383230373734313160
Bebidas,Bebidas,Bebida Isotónica Sabor Sandia 625 ml Fastlyte,1750,https://super.lider.cl/ip/bebidas-funcionales/bebida-isotonica-sabor-sandia/00780282077412?channable=06660b696400303037383032383230373734313261
Bebidas,Bebidas,Bebida Isotónica Blue Botella 500 ml Isopro,2250,https://super.lider.cl/ip/bebidas-funcionales/bebida-isotonica-blue-botella/00780464382051?channable=06660b6964003030373830343634333832303531ee
Bebidas,Bebidas,Bebida Isotónica Red Botella 500 ml Isopro,2250,https://super.lider.cl/ip/bebidas-funcionales/bebida-isotonica-red-botella/00780464382052?channable=06660b6964003030373830343634333832303532ef
Bebidas,Bebidas,Bebida Naranja Pack Lata 6 Un Fanta,4090,https://super.lider.cl/ip/bebidas/bebida-naranja-pack-lata/00780161000311?channable=06660b696400303037383031363130303033313191
Bebidas,Bebidas,Bebida Piña Pack Lata 6 Un Kem,3890,https://super.lider.cl/ip/bebidas/bebida-pina-pack-lata/00780162000034?channable=06660b6964003030373830313632303030303334d8
Bebidas,Bebidas,Bebida Energética Lata Guarana Gorilla 473 ml Score,1290,https://super.lider.cl/ip/bebidas-funcionales/bebida-energetica-lata-guarana-gorilla/00074283275198?channable=06660b69640030303037343238333237353139386f
Bebidas,Bebidas,Bebida Sabor Cola Original Pack 6 Lata 6 Un Pepsi,3890,https://super.lider.cl/ip/bebidas/bebida-sabor-cola-original-pack-6-lata/00780162000023?channable=06660b696400303037383031363230303030323357
Bebidas,Bebidas,Bebida Enérgetica Bubble Gum Lata 473 ml Score,1290,https://super.lider.cl/ip/bebidas-funcionales/bebida-energetica-bubble-gum-lata/00798190259994?channable=06660b696400303037393831393032353939393485
Bebidas,Bebidas,Bebida Naranja Original Botella Retornable 2 L Fanta,1950,https://super.lider.cl/ip/bebidas/bebida-naranja-original-botella-retornable/00780161000228?channable=06660b6964003030373830313631303030323238d8
Limpieza,Detergentes,Detergente Líquido Forte Botella Pack L L Fuzol,14990,https://super.lider.cl/ip/detergentes/detergente-liquido-forte-botella-pack/00780492001534?channable=06660b696400303037383034393230303135333487
Limpieza,Detergentes,Detergente Líquido Bosque Nativo Botella 3 L Bio Frescura,7690,https://super.lider.cl/ip/detergentes/detergente-liquido-bosque-nativo-botella/00780460973030?channable=06660b69640030303738303436303937333033301c
Limpieza,Detergentes,"Detergente En Polvo Ultra Power Aloe Vera Bolsa 2,7 kg Omo",10890,https://super.lider.cl/ip/detergentes/detergente-en-polvo-ultra-power-aloe-vera-bolsa/00780500032132?channable=06660b696400303037383035303030333231333237
Limpieza,Detergentes,Detergente Polvo Manzanilla 3 kg Ace,7750,https://super.lider.cl/ip/detergentes/detergente-polvo-manzanilla/00750619515942?channable=06660b696400303037353036313935313539343284
Limpieza,Detergentes,Detergente En Tabletas Para Lavavajillas 30 Un Finish,10650,https://super.lider.cl/ip/detergentes/detergente-en-tabletas-para-lavavajillas/00305994616013?channable=06660b696400303033303539393436313630313329
Limpieza,Detergentes,Detergente En Polvo Flores De Primavera Bolsa 10 kg Lider,12990,https://super.lider.cl/ip/detergentes/detergente-en-polvo-flores-de-primavera-bolsa/00040000104641?channable=06660b6964003030303430303030313034363431ad
Limpieza,Detergentes,Detergente En Polvo Flores De Primavera Bolsa 3 kg Lider,4500,https://super.lider.cl/ip/detergentes/detergente-en-polvo-flores-de-primavera-bolsa/00040000104643?channable=06660b6964003030303430303030313034363433af
Limpieza,Detergentes,Detergente En Polvo Doble Poder 680 g Ariel,2000,https://super.lider.cl/ip/detergentes/detergente-en-polvo-doble-poder/00750043525834?channable=06660b69640030303735303034333532353833349d
Limpieza,Detergentes,Detergente Líquido Bio Frescura Bosque Nativo Botella,2890,https://super.lider.cl/ip/detergentes/detergente-liquido-bio-frescura-bosque-nativo-botella/00780460973076?channable=06660b696400303037383034363039373330373624
Limpieza,Detergentes,Detergente Líquido Floral Matic Botella 5 L Lider,7790,https://super.lider.cl/ip/detergentes/detergente-liquido-floral-matic-botella/00780493001546?channable=06660b69640030303738303439333030313534360d
Limpieza,Detergentes,Detergente Líquido Flores De Primavera Botella 3L Lider,5000,https://super.lider.cl/ip/detergentes/detergente-liquido-flores-de-primavera-botella/00780524300005?channable=06660b6964003030373830353234333030303035b4
Limpieza,Detergentes,Detergente Líquido Ultra Power Botella 3 L Omo,14390,https://super.lider.cl/ip/detergentes/detergente-liquido-ultra-power-botella/00779129000700?channable=06660b69640030303737393132393030303730301c
Limpieza,Detergentes,Detergente Líquido Forte Con Suavizante Doypack Pack L ml Fuzol,9790,https://super.lider.cl/ip/detergentes/detergente-liquido-forte-con-suavizante-doypack-pack/00780492001032?channable=06660b6964003030373830343932303031303332c3
Limpieza,Detergentes,Detergente Líquido Hortensias Y Flores Blancas Pack L g Rinso,9790,https://super.lider.cl/ip/detergentes/detergente-liquido-hortensias-y-flores-blancas-pack/00780500032437?channable=06660b69640030303738303530303033323433377d
Limpieza,Detergentes,Detergente Líquido Higienizante Pack 2 Botella 6 L Igenix,10590,https://super.lider.cl/ip/detergentes/detergente-liquido-higienizante-pack-2-botella/00780504000555?channable=06660b69640030303738303530343030303535351b
Limpieza,Detergentes,Detergente Líquido Hipoalergénico Bebé Doypack 3 l Popeye,15190,https://super.lider.cl/ip/detergentes/detergente-liquido-hipoalergenico-bebe-doypack/00780504500012?channable=06660b69640030303738303530343530303031322d
Limpieza,Detergentes,Detergente Líquido Hipoalergénico Bebé Doypack 1l Popeye,5890,https://super.lider.cl/ip/detergentes/detergente-liquido-hipoalergenico-bebe-doypack/00780504500222?channable=06660b69640030303738303530343530303232322e
Limpieza,Detergentes,Detergente Líquido Hipoalergénico Piel Sensible Doypack 1 L Lider,4490,https://super.lider.cl/ip/detergentes/detergente-liquido-hipoalergenico-piel-sensible-doypack/00780493001418?channable=06660b6964003030373830343933303031343138cd
Limpieza,Detergentes,Detergente Líquido Hipoalergénico Bebé Botella 3 l Popeye,13390,https://super.lider.cl/ip/detergentes/detergente-liquido-hipoalergenico-bebe-botella/00780504500155?channable=06660b696400303037383035303435303031353573
Limpieza,Detergentes,"Detergente Líquido Matic Ultra Power Botella 1,8 L Omo",5190,https://super.lider.cl/ip/detergentes/detergente-liquido-matic-ultra-power-botella/00789115009126?channable=06660b696400303037383931313530303931323675
Limpieza,Detergentes,Detergente Líquido Higienizante Frescura Floral Botella 3 L Igenix,5290,https://super.lider.cl/ip/detergentes/detergente-liquido-higienizante-frescura-floral-botella/00780504000495?channable=06660b6964003030373830353034303030343935dd
Limpieza,Detergentes,Detergente En Cápsulas Pods 3 En 1 Doypack 31 Capsulas 776 g Tide,19990,https://super.lider.cl/ip/detergentes/detergente-en-capsulas-pods-3-en-1-doypack-31-capsulas/00003700050960?channable=06660b696400303030303337303030353039363038
Limpieza,Detergentes,Detergente Líquido Piel Sensible Ultra Power Para Preparar Botella 500 ml Omo,6750,https://super.lider.cl/ip/detergentes/detergente-liquido-piel-sensible-ultra-power-para-preparar-botella/00780500032419?channable=06660b69640030303738303530303033323431397e
Limpieza,Detergentes,"Detergente Concentrado Líquido Expert Botella 1,8 L Drive",8890,https://super.lider.cl/ip/detergentes/detergente-concentrado-liquido-expert-botella/00690208897656?channable=06660b696400303036393032303838393736353660
Limpieza,Detergentes,Detergente Líquido Doble Poder Ropa Blanca Y Colo Doypack 1.2 L Ariel,11890,https://super.lider.cl/ip/detergentes/detergente-liquido-doble-poder-ropa-blanca-y-colo-doypack/00750043512201?channable=06660b6964003030373530303433353132323031c6
Limpieza,Detergentes,Detergente Polvo Evolution Bolsa 400 g Drive,1000,https://super.lider.cl/ip/detergentes/detergente-polvo-evolution-bolsa/00780500031354?channable=06660b6964003030373830353030303331333534da
Limpieza,Detergentes,Detergente En Polvo Flores De Primavera Bolsa 7 kg Lider,9990,https://super.lider.cl/ip/detergentes/detergente-en-polvo-flores-de-primavera-bolsa/00040000104642?channable=06660b6964003030303430303030313034363432ae
Limpieza,Detergentes,Detergente En Polvo Lirios Y Rosas 2.5 kg Rinso,4890,https://super.lider.cl/ip/detergentes/detergente-en-polvo-lirios-y-rosas/00690208898226?channable=06660b6964003030363930323038383938323236fd
Limpieza,Detergentes,Detergente En Polvo Doble Poder 700 g Ariel,2590,https://super.lider.cl/ip/detergentes/detergente-en-polvo-doble-poder/00750043525418?channable=06660b69640030303735303034333532353431389f
Limpieza,Detergentes,Detergente Líquido Forte Doypack Pack L ml Fuzol,9790,https://super.lider.cl/ip/detergentes/detergente-liquido-forte-doypack-pack/00780492001029?channable=06660b69640030303738303439323030313032394a
Limpieza,Detergentes,Detergente Polvo Ultra Power Bolsa 5 kg Omo,15990,https://super.lider.cl/ip/detergentes/detergente-polvo-ultra-power-bolsa/00780500031375?channable=06660b6964003030373830353030303331333735dc
Limpieza,Detergentes,Detergente Líquido Forte Doypack 600 ml Fuzol,1000,https://super.lider.cl/ip/detergentes/detergente-liquido-forte-doypack/00780492000924?channable=06660b6964003030373830343932303030393234e7
Limpieza,Detergentes,"Detergente Líquido Concentrado Naturals Blancos Y Colores 45 Lavados Botella 1,8 L Ace",7750,https://super.lider.cl/ip/detergentes/detergente-liquido-concentrado-naturals-blancos-y-colores-45-lavados-botella/00750043518223?channable=06660b69640030303735303034333531383232330a
Limpieza,Detergentes,Detergente En Polvo Hortensias Y Flores Blancas 2.5 kg Rinso,4890,https://super.lider.cl/ip/detergentes/detergente-en-polvo-hortensias-y-flores-blancas/00690208898225?channable=06660b6964003030363930323038383938323235fc
Limpieza,Detergentes,Detergente Líquido Piel Delicada Doypack Pack L g Fuzol,12990,https://super.lider.cl/ip/detergentes/detergente-liquido-piel-delicada-doypack-pack/00780492001031?channable=06660b6964003030373830343932303031303331c2
Limpieza,Detergentes,Detergente Líquido Forte Con Suavizante Botella Pack L g Fuzol,14990,https://super.lider.cl/ip/detergentes/detergente-liquido-forte-con-suavizante-botella-pack/00780492001039?channable=06660b6964003030373830343932303031303339ca
Limpieza,Detergentes,Detergente Líquido Para Preparar Pack 2 Botella 1000 ml Drive,12550,https://super.lider.cl/ip/detergentes/detergente-liquido-para-preparar-pack-2-botella/00780500032409?channable=06660b6964003030373830353030303332343039fd
Limpieza,Detergentes,Detergente Líquido Flores Frescas Botella 3 L Lider,5000,https://super.lider.cl/ip/detergentes/detergente-liquido-flores-frescas-botella/00780493001545?channable=06660b69640030303738303439333030313534350c
Limpieza,Detergentes,Detergente En Polvo Aloe Vera 800 g Omo,3990,https://super.lider.cl/ip/detergentes/detergente-en-polvo-aloe-vera/00780500032424?channable=06660b6964003030373830353030303332343234f9
Limpieza,Detergentes,Detergente Líquido Flores De Primavera Doypack 3 L Lider,4500,https://super.lider.cl/ip/detergentes/detergente-liquido-flores-de-primavera-doypack/00780524300003?channable=06660b6964003030373830353234333030303033b2
Limpieza,Detergentes,Detergente Líquido Forte Doypack 3 l Fuzol,5250,https://super.lider.cl/ip/detergentes/detergente-liquido-forte-doypack/00780492001530?channable=06660b696400303037383034393230303135333083
Limpieza,Detergentes,Detergente Concentrado Líquido Expert Botella 1 L Drive,3000,https://super.lider.cl/ip/detergentes/detergente-concentrado-liquido-expert-botella/00690208898117?channable=06660b6964003030363930323038383938313137bd
Limpieza,Detergentes,"Detergente En Polvo Ultra Power Bolsa 8,7 kg Omo",23190,https://super.lider.cl/ip/detergentes/detergente-en-polvo-ultra-power-bolsa/00779129079452?channable=06660b696400303037373931323930373934353272
Limpieza,Detergentes,Detergente Líquido Piel Sensible Doypack 400 ml Omo,1000,https://super.lider.cl/ip/detergentes/detergente-liquido-piel-sensible-doypack/00780500032448?channable=06660b6964003030373830353030303332343438fe
Limpieza,Detergentes,Detergente Líquido Ultra Power Doypack 450 ml Omo,1000,https://super.lider.cl/ip/detergentes/detergente-liquido-ultra-power-doypack/00780500032366?channable=06660b69640030303738303530303033323336363d
Limpieza,Detergentes,Detergente Líquido Omo Mix Ultra Power Doypack + 1 Quix Ultra 300 Ml + Cif Crema 450ml Pack,17990,https://super.lider.cl/ip/detergentes/detergente-liquido-omo-mix-ultra-power-doypack-1-quix-ultra-300-ml-cif-crema-450ml-pack/00780500032396?channable=06660b6964003030373830353030303332333936be
Limpieza,Detergentes,Detergente Líquido Concentrado Expert Líquido Botella 2.8 L Drive,14990,https://super.lider.cl/ip/detergentes/detergente-liquido-concentrado-expert-liquido-botella/00690208897658?channable=06660b696400303036393032303838393736353862
Limpieza,Detergentes,"Detergente Líquido Concentrado Downy Doypack 1,2 l Ariel",11890,https://super.lider.cl/ip/detergentes/detergente-liquido-concentrado-downy-doypack/00750043512694?channable=06660b69640030303735303034333531323639344f
